28;mcUserInfo
30;mcGames
40;mcGameInfo
65;mcGame
71;fps
72;FListBoxSymbol
73;FScrollBarSymbol
74;FUIComponentSymbol
75;UpArrow
76;ScrollThumb
77;DownArrow
78;FHighlightSymbol
81;FLabelSymbol
83;mcFlake
92;BoundingBox
94;BrdrShdw
96;BrdrFace
97;SimpleButtonDown
99;BrdrBlk
101;BrdrHilght
102;SimpleButtonIn
103;SimpleButtonUp
104;Defaults
105;UIObjectExtensions
106;UIObject
111;FocusRect
112;FocusManager
113;UIComponentExtensions
114;UIComponent
115;SimpleButton
116;Border
117;RectBorder
118;ButtonSkin
119;Button
120;CustomBorder
123;ScrollTrack
130;ScrollDownArrowDisabled
132;ScrollThemeColor1
134;ScrollThemeColor2
135;ScrollDownArrowDown
136;ScrollDownArrowOver
137;ScrollDownArrowUp
143;ScrollThumbBottomDisabled
145;ThumbThemeColor1
147;ThumbThemeColor3
148;ScrollThumbBottomDown
149;ScrollThumbBottomOver
150;ScrollThumbBottomUp
152;ScrollThumbGripDisabled
154;ThumbThemeColor2
155;ScrollThumbGripDown
156;ScrollThumbGripOver
157;ScrollThumbGripUp
159;ScrollThumbMiddleDisabled
160;ScrollThumbMiddleDown
164;ScrollThumbMiddleOver
165;ScrollThumbMiddleUp
166;ScrollThumbTopDisabled
167;ScrollThumbTopDown
168;ScrollThumbTopOver
169;ScrollThumbTopUp
170;ScrollTrackDisabled
171;ScrollUpArrowDisabled
172;ScrollUpArrowDown
173;ScrollUpArrowOver
174;ScrollUpArrowUp
175;BtnDownArrow
176;BtnUpArrow
177;ScrollBarAssets
178;HScrollBar
179;VScrollBar
180;View
181;ScrollView
182;TextArea
182;TextArea
212;ScrollPane
212;ScrollPane
217;DataProvider
218;DataSelector
219;SelectableRow
220;ScrollSelectList
221;List
221;List
227;TextInput
228;ComboBase
233;ComboDownArrowUp
234;ComboDownArrowDisabled
236;ComboThemeColor1
237;ComboDownArrowDown
238;ComboDownArrowOver
239;ComboAssets
240;ComboBox
240;ComboBox
119;Button
84;__Packages.mx.core.UIObject
85;__Packages.mx.core.UIComponent
86;__Packages.mx.core.View
87;__Packages.mx.core.ScrollView
88;__Packages.mx.controls.TextArea
183;__Packages.mx.skins.SkinElement
184;__Packages.mx.styles.CSSTextStyles
185;__Packages.mx.styles.StyleManager
186;__Packages.mx.styles.CSSStyleDeclaration
187;__Packages.mx.skins.Border
188;__Packages.mx.skins.RectBorder
189;__Packages.mx.managers.DepthManager
190;__Packages.mx.events.EventDispatcher
191;__Packages.mx.events.UIEventDispatcher
192;__Packages.mx.core.ExternalContent
193;__Packages.mx.skins.CustomBorder
194;__Packages.mx.controls.scrollClasses.ScrollThumb
195;__Packages.mx.controls.SimpleButton
196;__Packages.mx.controls.scrollClasses.ScrollBar
197;__Packages.mx.controls.HScrollBar
198;__Packages.mx.controls.Button
199;__Packages.mx.skins.ColoredSkinElement
200;__Packages.mx.core.ext.UIObjectExtensions
201;__Packages.mx.skins.halo.Defaults
202;__Packages.mx.managers.SystemManager
203;__Packages.mx.managers.FocusManager
204;__Packages.mx.skins.halo.FocusRect
205;__Packages.mx.managers.OverlappedWindows
206;__Packages.mx.styles.CSSSetStyle
207;__Packages.mx.core.ext.UIComponentExtensions
208;__Packages.mx.skins.halo.RectBorder
209;__Packages.mx.skins.halo.ButtonSkin
210;__Packages.mx.controls.VScrollBar
211;__Packages.mx.containers.ScrollPane
213;__Packages.mx.controls.listclasses.DataSelector
214;__Packages.mx.controls.listclasses.DataProvider
215;__Packages.mx.controls.listclasses.ScrollSelectList
216;__Packages.mx.controls.List
222;__Packages.mx.effects.Tween
223;__Packages.mx.controls.listclasses.SelectableRow
224;__Packages.mx.controls.ComboBase
225;__Packages.mx.controls.ComboBox
241;__Packages.mx.controls.TextInput
242;__Packages.mx.managers.PopUpManager
279;mcIceBlockExplode
303;mcGeneric
303;mcGeneric
303;mcGeneric
303;mcGeneric
303;mcGeneric
303;mcGeneric
303;mcGeneric
303;mcGeneric
303;mcGeneric
303;mcGeneric
303;mcGeneric
303;mcGeneric
303;mcGeneric
303;mcGeneric
303;mcGeneric
303;mcGeneric
303;mcGeneric
303;mcGeneric
303;mcGeneric
303;mcGeneric
303;mcGeneric
303;mcGeneric
303;mcGeneric
303;mcGeneric
303;mcGeneric
303;mcGeneric
303;mcGeneric
303;mcGeneric
303;mcGeneric
303;mcGeneric
303;mcGeneric
303;mcGeneric
303;mcGeneric
303;mcGeneric
303;mcGeneric
303;mcGeneric
303;mcGeneric
303;mcGeneric
303;mcGeneric
303;mcGeneric
303;mcGeneric
303;mcGeneric
303;mcGeneric
303;mcGeneric
303;mcGeneric
303;mcGeneric
303;mcGeneric
303;mcGeneric
303;mcGeneric
303;mcGeneric
303;mcGeneric
303;mcGeneric
303;mcGeneric
303;mcGeneric
303;mcGeneric
303;mcGeneric
303;mcGeneric
303;mcGeneric
303;mcGeneric
303;mcGeneric
303;mcGeneric
303;mcGeneric
303;mcGeneric
303;mcGeneric
303;mcGeneric
303;mcGeneric
303;mcGeneric
303;mcGeneric
303;mcGeneric
303;mcGeneric
303;mcGeneric
303;mcGeneric
303;mcGeneric
303;mcGeneric
303;mcGeneric
303;mcGeneric
303;mcGeneric
303;mcGeneric
303;mcGeneric
303;mcGeneric
303;mcGeneric
303;mcGeneric
303;mcGeneric
303;mcGeneric
303;mcGeneric
303;mcGeneric
303;mcGeneric
303;mcGeneric
303;mcGeneric
303;mcGeneric
303;mcGeneric
303;mcGeneric
303;mcGeneric
303;mcGeneric
303;mcGeneric
303;mcGeneric
303;mcGeneric
303;mcGeneric
303;mcGeneric
303;mcGeneric
303;mcGeneric
303;mcGeneric
303;mcGeneric
303;mcGeneric
303;mcGeneric
303;mcGeneric
303;mcGeneric
303;mcGeneric
303;mcGeneric
303;mcGeneric
303;mcGeneric
303;mcGeneric
411;mcCannon
415;mcChallengeDeclined
433;mcChallengeReceived
446;mcChallengeSent
450;mcIceBlock
452;mcObstacleArea
279;mcIceBlockExplode
474;mcPlayAgain
495;mcBall
495;mcBall
519;mcSnowpile
521;mcStar
524;mcSpeechBubbleRight
527;mcSpeechBubbleLeft
530;mcSpeechBubbleHistory
535;mcSpeechType
538;mcBonusText
450;mcIceBlock
450;mcIceBlock
450;mcIceBlock
548;mcObstacle
549;mcBananaBomb
556;mcExplosion
83;mcFlake
519;mcSnowpile
519;mcSnowpile
